file,type,source_a,source_b,time_sec
spliced/speakerX_spliced_01.wav,hard,speakerX_real_06.wav,speakerX_real_03.wav,2.329
spliced/speakerX_spliced_02.wav,hard,speakerX_real_09.wav,speakerX_real_02.wav,1.814
spliced/speakerX_spliced_03.wav,hard,speakerX_real_09.wav,speakerX_real_04.wav,1.426
spliced/speakerX_spliced_04.wav,hard,speakerX_real_02.wav,speakerX_real_04.wav,1.247
spliced/speakerX_spliced_05.wav,hard,speakerX_real_10.wav,speakerX_real_02.wav,3.572
spliced/speakerX_spliced_06.wav,hard,speakerX_real_10.wav,speakerX_real_01.wav,2.946
spliced/speakerX_spliced_07.wav,hard,speakerX_real_04.wav,speakerX_real_01.wav,2.879
spliced/speakerX_spliced_08.wav,hard,speakerX_real_07.wav,speakerX_real_03.wav,2.306
spliced/speakerX_spliced_09.wav,hard,speakerX_real_09.wav,speakerX_real_03.wav,1.503
spliced/speakerX_spliced_10.wav,hard,speakerX_real_04.wav,speakerX_real_06.wav,2.111
spliced/speakerX_spliced_11.wav,fade,speakerX_real_10.wav,speakerX_real_01.wav,3.002
spliced/speakerX_spliced_12.wav,fade,speakerX_real_09.wav,speakerX_real_07.wav,2.287
spliced/speakerX_spliced_13.wav,fade,speakerX_real_08.wav,speakerX_real_06.wav,2.256
spliced/speakerX_spliced_14.wav,fade,speakerX_real_04.wav,speakerX_real_02.wav,2.893
spliced/speakerX_spliced_15.wav,fade,speakerX_real_06.wav,speakerX_real_08.wav,2.154
spliced/speakerX_spliced_16.wav,fade,speakerX_real_02.wav,speakerX_real_09.wav,1.557
spliced/speakerX_spliced_17.wav,fade,speakerX_real_03.wav,speakerX_real_08.wav,2.638
spliced/speakerX_spliced_18.wav,fade,speakerX_real_02.wav,speakerX_real_09.wav,1.711
spliced/speakerX_spliced_19.wav,fade,speakerX_real_06.wav,speakerX_real_10.wav,2.762
spliced/speakerX_spliced_20.wav,fade,speakerX_real_10.wav,speakerX_real_08.wav,2.072
spliced/speakerX_spliced_21.wav,noisy,speakerX_real_05.wav,speakerX_real_08.wav,3.122
spliced/speakerX_spliced_22.wav,noisy,speakerX_real_05.wav,speakerX_real_08.wav,2.428
spliced/speakerX_spliced_23.wav,noisy,speakerX_real_06.wav,speakerX_real_01.wav,3.127
spliced/speakerX_spliced_24.wav,noisy,speakerX_real_10.wav,speakerX_real_02.wav,2.79
spliced/speakerX_spliced_25.wav,noisy,speakerX_real_05.wav,speakerX_real_03.wav,3.192
spliced/speakerX_spliced_26.wav,noisy,speakerX_real_08.wav,speakerX_real_02.wav,2.05
spliced/speakerX_spliced_27.wav,noisy,speakerX_real_05.wav,speakerX_real_03.wav,3.328
spliced/speakerX_spliced_28.wav,noisy,speakerX_real_05.wav,speakerX_real_07.wav,3.609
spliced/speakerX_spliced_29.wav,noisy,speakerX_real_07.wav,speakerX_real_04.wav,1.764
spliced/speakerX_spliced_30.wav,noisy,speakerX_real_04.wav,speakerX_real_10.wav,1.954
cropped/speakerX_cropped_01.wav,cut_end,speakerX_real_03.wav,,2.739
cropped/speakerX_cropped_02.wav,cut_end_fade,speakerX_real_01.wav,,2.299
cropped/speakerX_cropped_03.wav,cut_end,speakerX_real_09.wav,,2.089
cropped/speakerX_cropped_04.wav,cut_end_fade,speakerX_real_10.wav,,2.881
cropped/speakerX_cropped_05.wav,cut_end,speakerX_real_03.wav,,3.573
cropped/speakerX_cropped_06.wav,cut_end_fade,speakerX_real_09.wav,,2.891
cropped/speakerX_cropped_07.wav,cut_end,speakerX_real_01.wav,,2.854
cropped/speakerX_cropped_08.wav,cut_end_fade,speakerX_real_09.wav,,2.121
cropped/speakerX_cropped_09.wav,cut_end,speakerX_real_07.wav,,2.421
cropped/speakerX_cropped_10.wav,cut_end_fade,speakerX_real_08.wav,,3.211
cropped/speakerX_cropped_11.wav,cut_end,speakerX_real_01.wav,,2.38
cropped/speakerX_cropped_12.wav,cut_end_fade,speakerX_real_04.wav,,3.086
cropped/speakerX_cropped_13.wav,cut_end,speakerX_real_02.wav,,1.716
cropped/speakerX_cropped_14.wav,cut_end_fade,speakerX_real_01.wav,,2.222
cropped/speakerX_cropped_15.wav,cut_end,speakerX_real_10.wav,,2.551
