file,label,speaker,source,consent,notes
real/test.wav,real,test,binbaz.org.sa (official website),site terms - copying allowed with source credited,
real/test.wav.m4a,real,test.wav,binbaz.org.sa (official website),site terms - copying allowed with source credited,
real/speakerA_real_01.wav,real,speakerA,binbaz.org.sa (official website),site terms - copying allowed with source credited,
real/speakerA_real_02.wav,real,speakerA,binbaz.org.sa (official website),site terms - copying allowed with source credited,
real/speakerA_real_03.wav,real,speakerA,binbaz.org.sa (official website),site terms - copying allowed with source credited,
real/speakerA_real_04.wav,real,speakerA,binbaz.org.sa (official website),site terms - copying allowed with source credited,
real/speakerA_real_05.wav,real,speakerA,binbaz.org.sa (official website),site terms - copying allowed with source credited,
real/speakerA_real_06.wav,real,speakerA,binbaz.org.sa (official website),site terms - copying allowed with source credited,
real/speakerA_real_07.wav,real,speakerA,binbaz.org.sa (official website),site terms - copying allowed with source credited,
real/speakerA_real_08.wav,real,speakerA,binbaz.org.sa (official website),site terms - copying allowed with source credited,
real/speakerA_real_09.wav,real,speakerA,binbaz.org.sa (official website),site terms - copying allowed with source credited,
real/speakerA_real_10.wav,real,speakerA,binbaz.org.sa (official website),site terms - copying allowed with source credited,
real/speakerA_real_11.wav,real,speakerA,binbaz.org.sa (official website),site terms - copying allowed with source credited,
real/speakerA_real_12.wav,real,speakerA,binbaz.org.sa (official website),site terms - copying allowed with source credited,
real/speakerA_real_13.wav,real,speakerA,binbaz.org.sa (official website),site terms - copying allowed with source credited,
real/speakerA_real_14.wav,real,speakerA,binbaz.org.sa (official website),site terms - copying allowed with source credited,
real/speakerA_real_15.wav,real,speakerA,binbaz.org.sa (official website),site terms - copying allowed with source credited,
real/speakerA_real_16.wav,real,speakerA,binbaz.org.sa (official website),site terms - copying allowed with source credited,
real/speakerA_real_17.wav,real,speakerA,binbaz.org.sa (official website),site terms - copying allowed with source credited,
real/speakerA_real_18.wav,real,speakerA,binbaz.org.sa (official website),site terms - copying allowed with source credited,
real/speakerA_real_19.wav,real,speakerA,binbaz.org.sa (official website),site terms - copying allowed with source credited,
real/speakerA_real_20.wav,real,speakerA,binbaz.org.sa (official website),site terms - copying allowed with source credited,
real/speakerA_real_21.wav,real,speakerA,binbaz.org.sa (official website),site terms - copying allowed with source credited,
real/speakerA_real_22.wav,real,speakerA,binbaz.org.sa (official website),site terms - copying allowed with source credited,
real/speakerA_real_23.wav,real,speakerA,binbaz.org.sa (official website),site terms - copying allowed with source credited,
real/speakerA_real_24.wav,real,speakerA,binbaz.org.sa (official website),site terms - copying allowed with source credited,
real/speakerA_real_25.wav,real,speakerA,binbaz.org.sa (official website),site terms - copying allowed with source credited,
real/speakerA_real_26.wav,real,speakerA,binbaz.org.sa (official website),site terms - copying allowed with source credited,
real/speakerA_real_27.wav,real,speakerA,binbaz.org.sa (official website),site terms - copying allowed with source credited,
real/speakerA_real_28.wav,real,speakerA,binbaz.org.sa (official website),site terms - copying allowed with source credited,
real/speakerA_real_29.wav,real,speakerA,binbaz.org.sa (official website),site terms - copying allowed with source credited,
real/speakerA_real_30.wav,real,speakerA,binbaz.org.sa (official website),site terms - copying allowed with source credited,
real/speakerA_real_31.wav,real,speakerA,binbaz.org.sa (official website),site terms - copying allowed with source credited,
real/speakerA_real_32.wav,real,speakerA,binbaz.org.sa (official website),site terms - copying allowed with source credited,
real/speakerA_real_33.wav,real,speakerA,binbaz.org.sa (official website),site terms - copying allowed with source credited,
real/speakerA_real_34.wav,real,speakerA,binbaz.org.sa (official website),site terms - copying allowed with source credited,
real/speakerA_real_35.wav,real,speakerA,binbaz.org.sa (official website),site terms - copying allowed with source credited,
real/speakerA_real_36.wav,real,speakerA,binbaz.org.sa (official website),site terms - copying allowed with source credited,
real/speakerA_real_37.wav,real,speakerA,binbaz.org.sa (official website),site terms - copying allowed with source credited,
real/speakerA_real_38.wav,real,speakerA,binbaz.org.sa (official website),site terms - copying allowed with source credited,
real/speakerA_real_39.wav,real,speakerA,binbaz.org.sa (official website),site terms - copying allowed with source credited,
real/speakerA_real_40.wav,real,speakerA,binbaz.org.sa (official website),site terms - copying allowed with source credited,
real/speakerA_real_41.wav,real,speakerA,binbaz.org.sa (official website),site terms - copying allowed with source credited,
real/speakerA_real_42.wav,real,speakerA,binbaz.org.sa (official website),site terms - copying allowed with source credited,
real/speakerA_real_43.wav,real,speakerA,binbaz.org.sa (official website),site terms - copying allowed with source credited,
real/speakerA_real_44.wav,real,speakerA,binbaz.org.sa (official website),site terms - copying allowed with source credited,
real/speakerA_real_45.wav,real,speakerA,binbaz.org.sa (official website),site terms - copying allowed with source credited,
real/speakerA_real_46.wav,real,speakerA,binbaz.org.sa (official website),site terms - copying allowed with source credited,
real/speakerA_real_47.wav,real,speakerA,binbaz.org.sa (official website),site terms - copying allowed with source credited,
real/speakerA_real_48.wav,real,speakerA,binbaz.org.sa (official website),site terms - copying allowed with source credited,
real/speakerA_real_49.wav,real,speakerA,binbaz.org.sa (official website),site terms - copying allowed with source credited,
real/speakerA_real_50.wav,real,speakerA,binbaz.org.sa (official website),site terms - copying allowed with source credited,
real/speakerA_real_51.wav,real,speakerA,binbaz.org.sa (official website),site terms - copying allowed with source credited,
real/speakerA_real_52.wav,real,speakerA,binbaz.org.sa (official website),site terms - copying allowed with source credited,
real/speakerA_real_53.wav,real,speakerA,binbaz.org.sa (official website),site terms - copying allowed with source credited,
real/speakerA_real_54.wav,real,speakerA,binbaz.org.sa (official website),site terms - copying allowed with source credited,
real/speakerA_real_55.wav,real,speakerA,binbaz.org.sa (official website),site terms - copying allowed with source credited,
real/speakerA_real_56.wav,real,speakerA,binbaz.org.sa (official website),site terms - copying allowed with source credited,
real/speakerA_real_57.wav,real,speakerA,binbaz.org.sa (official website),site terms - copying allowed with source credited,
real/speakerA_real_58.wav,real,speakerA,binbaz.org.sa (official website),site terms - copying allowed with source credited,
real/speakerA_real_59.wav,real,speakerA,binbaz.org.sa (official website),site terms - copying allowed with source credited,
real/speakerA_real_60.wav,real,speakerA,binbaz.org.sa (official website),site terms - copying allowed with source credited,
real/speakerA_real_61.wav,real,speakerA,binbaz.org.sa (official website),site terms - copying allowed with source credited,
real/speakerA_real_62.wav,real,speakerA,binbaz.org.sa (official website),site terms - copying allowed with source credited,
real/speakerA_real_63.wav,real,speakerA,binbaz.org.sa (official website),site terms - copying allowed with source credited,
real/speakerA_real_64.wav,real,speakerA,binbaz.org.sa (official website),site terms - copying allowed with source credited,
real/speakerA_real_65.wav,real,speakerA,binbaz.org.sa (official website),site terms - copying allowed with source credited,
real/speakerA_real_66.wav,real,speakerA,binbaz.org.sa (official website),site terms - copying allowed with source credited,
real/speakerA_real_67.wav,real,speakerA,binbaz.org.sa (official website),site terms - copying allowed with source credited,
real/speakerA_real_68.wav,real,speakerA,binbaz.org.sa (official website),site terms - copying allowed with source credited,
real/speakerA_real_69.wav,real,speakerA,binbaz.org.sa (official website),site terms - copying allowed with source credited,
real/speakerA_real_70.wav,real,speakerA,binbaz.org.sa (official website),site terms - copying allowed with source credited,
real/speakerA_real_71.wav,real,speakerA,binbaz.org.sa (official website),site terms - copying allowed with source credited,
real/speakerA_real_72.wav,real,speakerA,binbaz.org.sa (official website),site terms - copying allowed with source credited,
real/speakerA_real_73.wav,real,speakerA,binbaz.org.sa (official website),site terms - copying allowed with source credited,
real/speakerA_real_74.wav,real,speakerA,binbaz.org.sa (official website),site terms - copying allowed with source credited,
real/speakerA_real_75.wav,real,speakerA,binbaz.org.sa (official website),site terms - copying allowed with source credited,
real/speakerA_real_76.wav,real,speakerA,binbaz.org.sa (official website),site terms - copying allowed with source credited,
real/speakerA_real_77.wav,real,speakerA,binbaz.org.sa (official website),site terms - copying allowed with source credited,
real/speakerA_real_78.wav,real,speakerA,binbaz.org.sa (official website),site terms - copying allowed with source credited,
real/speakerA_real_79.wav,real,speakerA,binbaz.org.sa (official website),site terms - copying allowed with source credited,
real/speakerA_real_80.wav,real,speakerA,binbaz.org.sa (official website),site terms - copying allowed with source credited,
real/speakerA_real_81.wav,real,speakerA,binbaz.org.sa (official website),site terms - copying allowed with source credited,
ref/speakerA/speakerA_ref_01.wav,ref,speakerA,binbaz.org.sa (official website),site terms - copying allowed with source credited,
ref/speakerA/speakerA_ref_02.wav,ref,speakerA,binbaz.org.sa (official website),site terms - copying allowed with source credited,
ref/speakerA/speakerA_ref_03.wav,ref,speakerA,binbaz.org.sa (official website),site terms - copying allowed with source credited,
ref/speakerA/speakerA_ref_04.wav,ref,speakerA,binbaz.org.sa (official website),site terms - copying allowed with source credited,
ref/speakerA/speakerA_ref_05.wav,ref,speakerA,binbaz.org.sa (official website),site terms - copying allowed with source credited,
ref/speakerA/speakerA_ref_06.wav,ref,speakerA,binbaz.org.sa (official website),site terms - copying allowed with source credited,
ref/speakerA/speakerA_ref_07.wav,ref,speakerA,binbaz.org.sa (official website),site terms - copying allowed with source credited,
ref/speakerA/speakerA_ref_08.wav,ref,speakerA,binbaz.org.sa (official website),site terms - copying allowed with source credited,
ref/speakerA/speakerA_ref_09.wav,ref,speakerA,binbaz.org.sa (official website),site terms - copying allowed with source credited,
ref/speakerA/speakerA_ref_10.wav,ref,speakerA,binbaz.org.sa (official website),site terms - copying allowed with source credited,
ref/speakerA/speakerA_ref_11.wav,ref,speakerA,binbaz.org.sa (official website),site terms - copying allowed with source credited,
ref/speakerA/speakerA_ref_12.wav,ref,speakerA,binbaz.org.sa (official website),site terms - copying allowed with source credited,
ref/speakerA/speakerA_ref_13.wav,ref,speakerA,binbaz.org.sa (official website),site terms - copying allowed with source credited,
ref/speakerA/speakerA_ref_14.wav,ref,speakerA,binbaz.org.sa (official website),site terms - copying allowed with source credited,
ref/speakerA/speakerA_ref_15.wav,ref,speakerA,binbaz.org.sa (official website),site terms - copying allowed with source credited,
ref/speakerA/speakerA_ref_16.wav,ref,speakerA,binbaz.org.sa (official website),site terms - copying allowed with source credited,
ref/speakerA/speakerA_ref_17.wav,ref,speakerA,binbaz.org.sa (official website),site terms - copying allowed with source credited,
ref/speakerA/speakerA_ref_18.wav,ref,speakerA,binbaz.org.sa (official website),site terms - copying allowed with source credited,
ref/speakerA/speakerA_ref_19.wav,ref,speakerA,binbaz.org.sa (official website),site terms - copying allowed with source credited,
ref/speakerA/speakerA_ref_20.wav,ref,speakerA,binbaz.org.sa (official website),site terms - copying allowed with source credited,
ref/speakerA/speakerA_ref_21.wav,ref,speakerA,binbaz.org.sa (official website),site terms - copying allowed with source credited,
ref/speakerA/speakerA_ref_22.wav,ref,speakerA,binbaz.org.sa (official website),site terms - copying allowed with source credited,
ref/speakerA/speakerA_ref_23.wav,ref,speakerA,binbaz.org.sa (official website),site terms - copying allowed with source credited,
ref/speakerA/speakerA_ref_24.wav,ref,speakerA,binbaz.org.sa (official website),site terms - copying allowed with source credited,
ref/speakerA/speakerA_ref_25.wav,ref,speakerA,binbaz.org.sa (official website),site terms - copying allowed with source credited,
ref/speakerA/speakerA_ref_26.wav,ref,speakerA,binbaz.org.sa (official website),site terms - copying allowed with source credited,
ref/speakerA/speakerA_ref_27.wav,ref,speakerA,binbaz.org.sa (official website),site terms - copying allowed with source credited,
ref/speakerA/speakerA_ref_28.wav,ref,speakerA,binbaz.org.sa (official website),site terms - copying allowed with source credited,
ref/speakerA/speakerA_ref_29.wav,ref,speakerA,binbaz.org.sa (official website),site terms - copying allowed with source credited,
ref/speakerA/speakerA_ref_30.wav,ref,speakerA,binbaz.org.sa (official website),site terms - copying allowed with source credited,
ref/speakerA/speakerA_ref_31.wav,ref,speakerA,binbaz.org.sa (official website),site terms - copying allowed with source credited,
ref/speakerA/speakerA_ref_32.wav,ref,speakerA,binbaz.org.sa (official website),site terms - copying allowed with source credited,
ref/speakerA/speakerA_ref_33.wav,ref,speakerA,binbaz.org.sa (official website),site terms - copying allowed with source credited,
ref/speakerA/speakerA_ref_34.wav,ref,speakerA,binbaz.org.sa (official website),site terms - copying allowed with source credited,
ref/speakerA/speakerA_ref_35.wav,ref,speakerA,binbaz.org.sa (official website),site terms - copying allowed with source credited,
ref/speakerA/speakerA_ref_36.wav,ref,speakerA,binbaz.org.sa (official website),site terms - copying allowed with source credited,
ref/speakerA/speakerA_ref_37.wav,ref,speakerA,binbaz.org.sa (official website),site terms - copying allowed with source credited,
ref/speakerA/speakerA_ref_38.wav,ref,speakerA,binbaz.org.sa (official website),site terms - copying allowed with source credited,
ref/speakerA/speakerA_ref_39.wav,ref,speakerA,binbaz.org.sa (official website),site terms - copying allowed with source credited,
ref/speakerA/speakerA_ref_40.wav,ref,speakerA,binbaz.org.sa (official website),site terms - copying allowed with source credited,
ref/speakerA/speakerA_ref_41.wav,ref,speakerA,binbaz.org.sa (official website),site terms - copying allowed with source credited,
ref/speakerA/speakerA_ref_42.wav,ref,speakerA,binbaz.org.sa (official website),site terms - copying allowed with source credited,
ref/speakerA/speakerA_ref_43.wav,ref,speakerA,binbaz.org.sa (official website),site terms - copying allowed with source credited,
ref/speakerA/speakerA_ref_44.wav,ref,speakerA,binbaz.org.sa (official website),site terms - copying allowed with source credited,
ref/speakerA/speakerA_ref_45.wav,ref,speakerA,binbaz.org.sa (official website),site terms - copying allowed with source credited,
ref/speakerA/speakerA_ref_46.wav,ref,speakerA,binbaz.org.sa (official website),site terms - copying allowed with source credited,
ref/speakerA/speakerA_ref_47.wav,ref,speakerA,binbaz.org.sa (official website),site terms - copying allowed with source credited,
ref/speakerA/speakerA_ref_48.wav,ref,speakerA,binbaz.org.sa (official website),site terms - copying allowed with source credited,
ref/speakerA/speakerA_ref_49.wav,ref,speakerA,binbaz.org.sa (official website),site terms - copying allowed with source credited,
ref/speakerA/speakerA_ref_50.wav,ref,speakerA,binbaz.org.sa (official website),site terms - copying allowed with source credited,
ref/speakerA/speakerA_ref_51.wav,ref,speakerA,binbaz.org.sa (official website),site terms - copying allowed with source credited,
ref/speakerA/speakerA_ref_52.wav,ref,speakerA,binbaz.org.sa (official website),site terms - copying allowed with source credited,
ref/speakerA/speakerA_ref_53.wav,ref,speakerA,binbaz.org.sa (official website),site terms - copying allowed with source credited,
ref/speakerA/speakerA_ref_54.wav,ref,speakerA,binbaz.org.sa (official website),site terms - copying allowed with source credited,
ref/speakerA/speakerA_ref_55.wav,ref,speakerA,binbaz.org.sa (official website),site terms - copying allowed with source credited,
ref/speakerA/speakerA_ref_56.wav,ref,speakerA,binbaz.org.sa (official website),site terms - copying allowed with source credited,
ref/speakerA/speakerA_ref_57.wav,ref,speakerA,binbaz.org.sa (official website),site terms - copying allowed with source credited,
ref/speakerA/speakerA_ref_58.wav,ref,speakerA,binbaz.org.sa (official website),site terms - copying allowed with source credited,
ref/speakerA/speakerA_ref_59.wav,ref,speakerA,binbaz.org.sa (official website),site terms - copying allowed with source credited,
ref/speakerA/speakerA_ref_60.wav,ref,speakerA,binbaz.org.sa (official website),site terms - copying allowed with source credited,
ref/speakerA/speakerA_ref_61.wav,ref,speakerA,binbaz.org.sa (official website),site terms - copying allowed with source credited,
ref/speakerA/speakerA_ref_62.wav,ref,speakerA,binbaz.org.sa (official website),site terms - copying allowed with source credited,
ref/speakerA/speakerA_ref_63.wav,ref,speakerA,binbaz.org.sa (official website),site terms - copying allowed with source credited,
ref/speakerA/speakerA_ref_64.wav,ref,speakerA,binbaz.org.sa (official website),site terms - copying allowed with source credited,
ref/speakerA/speakerA_ref_65.wav,ref,speakerA,binbaz.org.sa (official website),site terms - copying allowed with source credited,
ref/speakerA/speakerA_ref_66.wav,ref,speakerA,binbaz.org.sa (official website),site terms - copying allowed with source credited,
ref/speakerA/speakerA_ref_67.wav,ref,speakerA,binbaz.org.sa (official website),site terms - copying allowed with source credited,
ref/speakerA/speakerA_ref_68.wav,ref,speakerA,binbaz.org.sa (official website),site terms - copying allowed with source credited,
ref/speakerA/speakerA_ref_69.wav,ref,speakerA,binbaz.org.sa (official website),site terms - copying allowed with source credited,
ref/speakerA/speakerA_ref_70.wav,ref,speakerA,binbaz.org.sa (official website),site terms - copying allowed with source credited,
ref/speakerA/speakerA_ref_71.wav,ref,speakerA,binbaz.org.sa (official website),site terms - copying allowed with source credited,
ref/speakerA/speakerA_ref_72.wav,ref,speakerA,binbaz.org.sa (official website),site terms - copying allowed with source credited,
ref/speakerA/speakerA_ref_73.wav,ref,speakerA,binbaz.org.sa (official website),site terms - copying allowed with source credited,
ref/speakerA/speakerA_ref_74.wav,ref,speakerA,binbaz.org.sa (official website),site terms - copying allowed with source credited,
ref/speakerA/speakerA_ref_75.wav,ref,speakerA,binbaz.org.sa (official website),site terms - copying allowed with source credited,
ref/speakerA/speakerA_ref_76.wav,ref,speakerA,binbaz.org.sa (official website),site terms - copying allowed with source credited,
ref/speakerA/speakerA_ref_77.wav,ref,speakerA,binbaz.org.sa (official website),site terms - copying allowed with source credited,
ref/speakerA/speakerA_ref_78.wav,ref,speakerA,binbaz.org.sa (official website),site terms - copying allowed with source credited,
ref/speakerA/speakerA_ref_79.wav,ref,speakerA,binbaz.org.sa (official website),site terms - copying allowed with source credited,
ref/speakerA/speakerA_ref_80.wav,ref,speakerA,binbaz.org.sa (official website),site terms - copying allowed with source credited,
ref/speakerA/speakerA_ref_81.wav,ref,speakerA,binbaz.org.sa (official website),site terms - copying allowed with source credited,
ref/speakerA/speakerA_ref_82.wav,ref,speakerA,binbaz.org.sa (official website),site terms - copying allowed with source credited,
ref/speakerA/speakerA_ref_83.wav,ref,speakerA,binbaz.org.sa (official website),site terms - copying allowed with source credited,
ref/speakerA/speakerA_ref_84.wav,ref,speakerA,binbaz.org.sa (official website),site terms - copying allowed with source credited,
ref/speakerA/speakerA_ref_85.wav,ref,speakerA,binbaz.org.sa (official website),site terms - copying allowed with source credited,
ref/speakerA/speakerA_ref_86.wav,ref,speakerA,binbaz.org.sa (official website),site terms - copying allowed with source credited,
ref/speakerA/speakerA_ref_87.wav,ref,speakerA,binbaz.org.sa (official website),site terms - copying allowed with source credited,
ref/speakerA/speakerA_ref_88.wav,ref,speakerA,binbaz.org.sa (official website),site terms - copying allowed with source credited,
ref/speakerA/speakerA_ref_89.wav,ref,speakerA,binbaz.org.sa (official website),site terms - copying allowed with source credited,
ref/speakerA/speakerA_ref_90.wav,ref,speakerA,binbaz.org.sa (official website),site terms - copying allowed with source credited,
ref/speakerA/speakerA_ref_91.wav,ref,speakerA,binbaz.org.sa (official website),site terms - copying allowed with source credited,
real/speakerB_real_01.wav,real,speakerB,youtube - dr. saleh al-fawzan channel (@dralfawzann),public recording - permission pending,
real/speakerB_real_02.wav,real,speakerB,youtube - dr. saleh al-fawzan channel (@dralfawzann),public recording - permission pending,
real/speakerB_real_03.wav,real,speakerB,youtube - dr. saleh al-fawzan channel (@dralfawzann),public recording - permission pending,
real/speakerB_real_04.wav,real,speakerB,youtube - dr. saleh al-fawzan channel (@dralfawzann),public recording - permission pending,
real/speakerB_real_05.wav,real,speakerB,youtube - dr. saleh al-fawzan channel (@dralfawzann),public recording - permission pending,
real/speakerB_real_06.wav,real,speakerB,youtube - dr. saleh al-fawzan channel (@dralfawzann),public recording - permission pending,
real/speakerB_real_07.wav,real,speakerB,youtube - dr. saleh al-fawzan channel (@dralfawzann),public recording - permission pending,
real/speakerB_real_08.wav,real,speakerB,youtube - dr. saleh al-fawzan channel (@dralfawzann),public recording - permission pending,
real/speakerB_real_09.wav,real,speakerB,youtube - dr. saleh al-fawzan channel (@dralfawzann),public recording - permission pending,
real/speakerB_real_10.wav,real,speakerB,youtube - dr. saleh al-fawzan channel (@dralfawzann),public recording - permission pending,
real/speakerB_real_11.wav,real,speakerB,youtube - dr. saleh al-fawzan channel (@dralfawzann),public recording - permission pending,
real/speakerB_real_12.wav,real,speakerB,youtube - dr. saleh al-fawzan channel (@dralfawzann),public recording - permission pending,
real/speakerB_real_13.wav,real,speakerB,youtube - dr. saleh al-fawzan channel (@dralfawzann),public recording - permission pending,
real/speakerB_real_14.wav,real,speakerB,youtube - dr. saleh al-fawzan channel (@dralfawzann),public recording - permission pending,
real/speakerB_real_15.wav,real,speakerB,youtube - dr. saleh al-fawzan channel (@dralfawzann),public recording - permission pending,
real/speakerB_real_16.wav,real,speakerB,youtube - dr. saleh al-fawzan channel (@dralfawzann),public recording - permission pending,
real/speakerB_real_17.wav,real,speakerB,youtube - dr. saleh al-fawzan channel (@dralfawzann),public recording - permission pending,
real/speakerB_real_18.wav,real,speakerB,youtube - dr. saleh al-fawzan channel (@dralfawzann),public recording - permission pending,
real/speakerB_real_19.wav,real,speakerB,youtube - dr. saleh al-fawzan channel (@dralfawzann),public recording - permission pending,
real/speakerB_real_20.wav,real,speakerB,youtube - dr. saleh al-fawzan channel (@dralfawzann),public recording - permission pending,
real/speakerB_real_21.wav,real,speakerB,youtube - dr. saleh al-fawzan channel (@dralfawzann),public recording - permission pending,
real/speakerB_real_22.wav,real,speakerB,youtube - dr. saleh al-fawzan channel (@dralfawzann),public recording - permission pending,
real/speakerB_real_23.wav,real,speakerB,youtube - dr. saleh al-fawzan channel (@dralfawzann),public recording - permission pending,
real/speakerB_real_24.wav,real,speakerB,youtube - dr. saleh al-fawzan channel (@dralfawzann),public recording - permission pending,
real/speakerB_real_25.wav,real,speakerB,youtube - dr. saleh al-fawzan channel (@dralfawzann),public recording - permission pending,
real/speakerB_real_26.wav,real,speakerB,youtube - dr. saleh al-fawzan channel (@dralfawzann),public recording - permission pending,
real/speakerB_real_27.wav,real,speakerB,youtube - dr. saleh al-fawzan channel (@dralfawzann),public recording - permission pending,
real/speakerB_real_28.wav,real,speakerB,youtube - dr. saleh al-fawzan channel (@dralfawzann),public recording - permission pending,
real/speakerB_real_29.wav,real,speakerB,youtube - dr. saleh al-fawzan channel (@dralfawzann),public recording - permission pending,
real/speakerB_real_30.wav,real,speakerB,youtube - dr. saleh al-fawzan channel (@dralfawzann),public recording - permission pending,
real/speakerB_real_31.wav,real,speakerB,youtube - dr. saleh al-fawzan channel (@dralfawzann),public recording - permission pending,
real/speakerB_real_32.wav,real,speakerB,youtube - dr. saleh al-fawzan channel (@dralfawzann),public recording - permission pending,
real/speakerB_real_33.wav,real,speakerB,youtube - dr. saleh al-fawzan channel (@dralfawzann),public recording - permission pending,
ref/speakerB/speakerB_ref_01.wav,ref,speakerB,youtube - dr. saleh al-fawzan channel (@dralfawzann),public recording - permission pending,
ref/speakerB/speakerB_ref_02.wav,ref,speakerB,youtube - dr. saleh al-fawzan channel (@dralfawzann),public recording - permission pending,
ref/speakerB/speakerB_ref_03.wav,ref,speakerB,youtube - dr. saleh al-fawzan channel (@dralfawzann),public recording - permission pending,
ref/speakerB/speakerB_ref_04.wav,ref,speakerB,youtube - dr. saleh al-fawzan channel (@dralfawzann),public recording - permission pending,
ref/speakerB/speakerB_ref_05.wav,ref,speakerB,youtube - dr. saleh al-fawzan channel (@dralfawzann),public recording - permission pending,
ref/speakerB/speakerB_ref_06.wav,ref,speakerB,youtube - dr. saleh al-fawzan channel (@dralfawzann),public recording - permission pending,
ref/speakerB/speakerB_ref_07.wav,ref,speakerB,youtube - dr. saleh al-fawzan channel (@dralfawzann),public recording - permission pending,
real/speakerC_real_01.wav,real,speakerC,YouTube - Sheikh Abdulaziz Al al-Sheikh channel (@user-yf1yb7tc5t),public recording - permission pending,
real/speakerC_real_02.wav,real,speakerC,YouTube - Sheikh Abdulaziz Al al-Sheikh channel (@user-yf1yb7tc5t),public recording - permission pending,
real/speakerC_real_03.wav,real,speakerC,YouTube - Sheikh Abdulaziz Al al-Sheikh channel (@user-yf1yb7tc5t),public recording - permission pending,
real/speakerC_real_04.wav,real,speakerC,YouTube - Sheikh Abdulaziz Al al-Sheikh channel (@user-yf1yb7tc5t),public recording - permission pending,
real/speakerC_real_05.wav,real,speakerC,YouTube - Sheikh Abdulaziz Al al-Sheikh channel (@user-yf1yb7tc5t),public recording - permission pending,
real/speakerC_real_06.wav,real,speakerC,YouTube - Sheikh Abdulaziz Al al-Sheikh channel (@user-yf1yb7tc5t),public recording - permission pending,
real/speakerC_real_07.wav,real,speakerC,YouTube - Sheikh Abdulaziz Al al-Sheikh channel (@user-yf1yb7tc5t),public recording - permission pending,
real/speakerC_real_08.wav,real,speakerC,YouTube - Sheikh Abdulaziz Al al-Sheikh channel (@user-yf1yb7tc5t),public recording - permission pending,
real/speakerC_real_09.wav,real,speakerC,YouTube - Sheikh Abdulaziz Al al-Sheikh channel (@user-yf1yb7tc5t),public recording - permission pending,
real/speakerC_real_10.wav,real,speakerC,YouTube - Sheikh Abdulaziz Al al-Sheikh channel (@user-yf1yb7tc5t),public recording - permission pending,
real/speakerC_real_11.wav,real,speakerC,YouTube - Sheikh Abdulaziz Al al-Sheikh channel (@user-yf1yb7tc5t),public recording - permission pending,
real/speakerC_real_12.wav,real,speakerC,YouTube - Sheikh Abdulaziz Al al-Sheikh channel (@user-yf1yb7tc5t),public recording - permission pending,
real/speakerC_real_13.wav,real,speakerC,YouTube - Sheikh Abdulaziz Al al-Sheikh channel (@user-yf1yb7tc5t),public recording - permission pending,
real/speakerC_real_14.wav,real,speakerC,YouTube - Sheikh Abdulaziz Al al-Sheikh channel (@user-yf1yb7tc5t),public recording - permission pending,
real/speakerC_real_15.wav,real,speakerC,YouTube - Sheikh Abdulaziz Al al-Sheikh channel (@user-yf1yb7tc5t),public recording - permission pending,
real/speakerC_real_16.wav,real,speakerC,YouTube - Sheikh Abdulaziz Al al-Sheikh channel (@user-yf1yb7tc5t),public recording - permission pending,
real/speakerC_real_17.wav,real,speakerC,YouTube - Sheikh Abdulaziz Al al-Sheikh channel (@user-yf1yb7tc5t),public recording - permission pending,
ref/speakerC/speakerC_ref_01.wav,ref,speakerC,YouTube - Sheikh Abdulaziz Al al-Sheikh channel (@user-yf1yb7tc5t),public recording - permission pending,
ref/speakerC/speakerC_ref_02.wav,ref,speakerC,YouTube - Sheikh Abdulaziz Al al-Sheikh channel (@user-yf1yb7tc5t),public recording - permission pending,
ref/speakerC/speakerC_ref_03.wav,ref,speakerC,YouTube - Sheikh Abdulaziz Al al-Sheikh channel (@user-yf1yb7tc5t),public recording - permission pending,
ref/speakerC/speakerC_ref_04.wav,ref,speakerC,YouTube - Sheikh Abdulaziz Al al-Sheikh channel (@user-yf1yb7tc5t),public recording - permission pending,
ref/speakerC/speakerC_ref_05.wav,ref,speakerC,YouTube - Sheikh Abdulaziz Al al-Sheikh channel (@user-yf1yb7tc5t),public recording - permission pending,
real/speakerC_real_18.wav,real,speakerC,YouTube - Sheikh Abdulaziz Al al-Sheikh channel (@user-yf1yb7tc5t),public recording - permission pending,
real/speakerC_real_19.wav,real,speakerC,YouTube - Sheikh Abdulaziz Al al-Sheikh channel (@user-yf1yb7tc5t),public recording - permission pending,
real/speakerC_real_20.wav,real,speakerC,YouTube - Sheikh Abdulaziz Al al-Sheikh channel (@user-yf1yb7tc5t),public recording - permission pending,
real/speakerC_real_21.wav,real,speakerC,YouTube - Sheikh Abdulaziz Al al-Sheikh channel (@user-yf1yb7tc5t),public recording - permission pending,
real/speakerC_real_22.wav,real,speakerC,YouTube - Sheikh Abdulaziz Al al-Sheikh channel (@user-yf1yb7tc5t),public recording - permission pending,
real/speakerC_real_23.wav,real,speakerC,YouTube - Sheikh Abdulaziz Al al-Sheikh channel (@user-yf1yb7tc5t),public recording - permission pending,
real/speakerC_real_24.wav,real,speakerC,YouTube - Sheikh Abdulaziz Al al-Sheikh channel (@user-yf1yb7tc5t),public recording - permission pending,
real/speakerC_real_25.wav,real,speakerC,YouTube - Sheikh Abdulaziz Al al-Sheikh channel (@user-yf1yb7tc5t),public recording - permission pending,
real/speakerC_real_26.wav,real,speakerC,YouTube - Sheikh Abdulaziz Al al-Sheikh channel (@user-yf1yb7tc5t),public recording - permission pending,
real/speakerC_real_27.wav,real,speakerC,YouTube - Sheikh Abdulaziz Al al-Sheikh channel (@user-yf1yb7tc5t),public recording - permission pending,
ref/speakerC/speakerC_ref_06.wav,ref,speakerC,YouTube - Sheikh Abdulaziz Al al-Sheikh channel (@user-yf1yb7tc5t),public recording - permission pending,
ref/speakerC/speakerC_ref_07.wav,ref,speakerC,YouTube - Sheikh Abdulaziz Al al-Sheikh channel (@user-yf1yb7tc5t),public recording - permission pending,
ref/speakerC/speakerC_ref_08.wav,ref,speakerC,YouTube - Sheikh Abdulaziz Al al-Sheikh channel (@user-yf1yb7tc5t),public recording - permission pending,
ref/speakerC/speakerC_ref_09.wav,ref,speakerC,YouTube - Sheikh Abdulaziz Al al-Sheikh channel (@user-yf1yb7tc5t),public recording - permission pending,
ref/speakerC/speakerC_ref_10.wav,ref,speakerC,YouTube - Sheikh Abdulaziz Al al-Sheikh channel (@user-yf1yb7tc5t),public recording - permission pending,
fake/tts1_fake_01.wav,fake,tts1,edge-tts (Microsoft neural voices),n/a - synthetic speech - neutral text,
fake/tts1_fake_02.wav,fake,tts1,edge-tts (Microsoft neural voices),n/a - synthetic speech - neutral text,
fake/tts1_fake_03.wav,fake,tts1,edge-tts (Microsoft neural voices),n/a - synthetic speech - neutral text,
fake/tts1_fake_04.wav,fake,tts1,edge-tts (Microsoft neural voices),n/a - synthetic speech - neutral text,
fake/tts1_fake_05.wav,fake,tts1,edge-tts (Microsoft neural voices),n/a - synthetic speech - neutral text,
fake/tts1_fake_06.wav,fake,tts1,edge-tts (Microsoft neural voices),n/a - synthetic speech - neutral text,
fake/tts1_fake_07.wav,fake,tts1,edge-tts (Microsoft neural voices),n/a - synthetic speech - neutral text,
fake/tts1_fake_08.wav,fake,tts1,edge-tts (Microsoft neural voices),n/a - synthetic speech - neutral text,
fake/tts1_fake_09.wav,fake,tts1,edge-tts (Microsoft neural voices),n/a - synthetic speech - neutral text,
fake/tts1_fake_10.wav,fake,tts1,edge-tts (Microsoft neural voices),n/a - synthetic speech - neutral text,
fake/tts2_fake_01.wav,fake,tts2,edge-tts (Microsoft neural voices),n/a - synthetic speech - neutral text,
fake/tts2_fake_02.wav,fake,tts2,edge-tts (Microsoft neural voices),n/a - synthetic speech - neutral text,
fake/tts2_fake_03.wav,fake,tts2,edge-tts (Microsoft neural voices),n/a - synthetic speech - neutral text,
fake/tts2_fake_04.wav,fake,tts2,edge-tts (Microsoft neural voices),n/a - synthetic speech - neutral text,
fake/tts2_fake_05.wav,fake,tts2,edge-tts (Microsoft neural voices),n/a - synthetic speech - neutral text,
fake/tts2_fake_06.wav,fake,tts2,edge-tts (Microsoft neural voices),n/a - synthetic speech - neutral text,
fake/tts2_fake_07.wav,fake,tts2,edge-tts (Microsoft neural voices),n/a - synthetic speech - neutral text,
fake/tts2_fake_08.wav,fake,tts2,edge-tts (Microsoft neural voices),n/a - synthetic speech - neutral text,
fake/tts2_fake_09.wav,fake,tts2,edge-tts (Microsoft neural voices),n/a - synthetic speech - neutral text,
fake/tts2_fake_10.wav,fake,tts2,edge-tts (Microsoft neural voices),n/a - synthetic speech - neutral text,
fake/tts3_fake_01.wav,fake,tts3,edge-tts (Microsoft neural voices),n/a - synthetic speech - neutral text,
fake/tts3_fake_02.wav,fake,tts3,edge-tts (Microsoft neural voices),n/a - synthetic speech - neutral text,
fake/tts3_fake_03.wav,fake,tts3,edge-tts (Microsoft neural voices),n/a - synthetic speech - neutral text,
fake/tts3_fake_04.wav,fake,tts3,edge-tts (Microsoft neural voices),n/a - synthetic speech - neutral text,
fake/tts3_fake_05.wav,fake,tts3,edge-tts (Microsoft neural voices),n/a - synthetic speech - neutral text,
fake/tts3_fake_06.wav,fake,tts3,edge-tts (Microsoft neural voices),n/a - synthetic speech - neutral text,
fake/tts3_fake_07.wav,fake,tts3,edge-tts (Microsoft neural voices),n/a - synthetic speech - neutral text,
fake/tts3_fake_08.wav,fake,tts3,edge-tts (Microsoft neural voices),n/a - synthetic speech - neutral text,
fake/tts3_fake_09.wav,fake,tts3,edge-tts (Microsoft neural voices),n/a - synthetic speech - neutral text,
fake/tts3_fake_10.wav,fake,tts3,edge-tts (Microsoft neural voices),n/a - synthetic speech - neutral text,
real/speakerX_real_01.wav,real,speakerX,own recording,yes (self) - same sentences as TTS set,
real/speakerX_real_02.wav,real,speakerX,own recording,yes (self) - same sentences as TTS set,
real/speakerX_real_03.wav,real,speakerX,own recording,yes (self) - same sentences as TTS set,
real/speakerX_real_04.wav,real,speakerX,own recording,yes (self) - same sentences as TTS set,
real/speakerX_real_05.wav,real,speakerX,own recording,yes (self) - same sentences as TTS set,
real/speakerX_real_06.wav,real,speakerX,own recording,yes (self) - same sentences as TTS set,
real/speakerX_real_07.wav,real,speakerX,own recording,yes (self) - same sentences as TTS set,
real/speakerX_real_08.wav,real,speakerX,own recording,yes (self) - same sentences as TTS set,
real/speakerX_real_09.wav,real,speakerX,own recording,yes (self) - same sentences as TTS set,
real/speakerX_real_10.wav,real,speakerX,own recording,yes (self) - same sentences as TTS set,
cropped/speakerX_cropped_01.wav,cropped,speakerX,generated from own recordings (make_manip.py),yes (self) - own voice,
cropped/speakerX_cropped_02.wav,cropped,speakerX,generated from own recordings (make_manip.py),yes (self) - own voice,
cropped/speakerX_cropped_03.wav,cropped,speakerX,generated from own recordings (make_manip.py),yes (self) - own voice,
cropped/speakerX_cropped_04.wav,cropped,speakerX,generated from own recordings (make_manip.py),yes (self) - own voice,
cropped/speakerX_cropped_05.wav,cropped,speakerX,generated from own recordings (make_manip.py),yes (self) - own voice,
cropped/speakerX_cropped_06.wav,cropped,speakerX,generated from own recordings (make_manip.py),yes (self) - own voice,
cropped/speakerX_cropped_07.wav,cropped,speakerX,generated from own recordings (make_manip.py),yes (self) - own voice,
cropped/speakerX_cropped_08.wav,cropped,speakerX,generated from own recordings (make_manip.py),yes (self) - own voice,
cropped/speakerX_cropped_09.wav,cropped,speakerX,generated from own recordings (make_manip.py),yes (self) - own voice,
cropped/speakerX_cropped_10.wav,cropped,speakerX,generated from own recordings (make_manip.py),yes (self) - own voice,
cropped/speakerX_cropped_11.wav,cropped,speakerX,generated from own recordings (make_manip.py),yes (self) - own voice,
cropped/speakerX_cropped_12.wav,cropped,speakerX,generated from own recordings (make_manip.py),yes (self) - own voice,
cropped/speakerX_cropped_13.wav,cropped,speakerX,generated from own recordings (make_manip.py),yes (self) - own voice,
cropped/speakerX_cropped_14.wav,cropped,speakerX,generated from own recordings (make_manip.py),yes (self) - own voice,
cropped/speakerX_cropped_15.wav,cropped,speakerX,generated from own recordings (make_manip.py),yes (self) - own voice,
spliced/speakerX_spliced_01.wav,spliced,speakerX,generated from own recordings (make_manip.py),yes (self) - own voice,
spliced/speakerX_spliced_02.wav,spliced,speakerX,generated from own recordings (make_manip.py),yes (self) - own voice,
spliced/speakerX_spliced_03.wav,spliced,speakerX,generated from own recordings (make_manip.py),yes (self) - own voice,
spliced/speakerX_spliced_04.wav,spliced,speakerX,generated from own recordings (make_manip.py),yes (self) - own voice,
spliced/speakerX_spliced_05.wav,spliced,speakerX,generated from own recordings (make_manip.py),yes (self) - own voice,
spliced/speakerX_spliced_06.wav,spliced,speakerX,generated from own recordings (make_manip.py),yes (self) - own voice,
spliced/speakerX_spliced_07.wav,spliced,speakerX,generated from own recordings (make_manip.py),yes (self) - own voice,
spliced/speakerX_spliced_08.wav,spliced,speakerX,generated from own recordings (make_manip.py),yes (self) - own voice,
spliced/speakerX_spliced_09.wav,spliced,speakerX,generated from own recordings (make_manip.py),yes (self) - own voice,
spliced/speakerX_spliced_10.wav,spliced,speakerX,generated from own recordings (make_manip.py),yes (self) - own voice,
spliced/speakerX_spliced_11.wav,spliced,speakerX,generated from own recordings (make_manip.py),yes (self) - own voice,
spliced/speakerX_spliced_12.wav,spliced,speakerX,generated from own recordings (make_manip.py),yes (self) - own voice,
spliced/speakerX_spliced_13.wav,spliced,speakerX,generated from own recordings (make_manip.py),yes (self) - own voice,
spliced/speakerX_spliced_14.wav,spliced,speakerX,generated from own recordings (make_manip.py),yes (self) - own voice,
spliced/speakerX_spliced_15.wav,spliced,speakerX,generated from own recordings (make_manip.py),yes (self) - own voice,
spliced/speakerX_spliced_16.wav,spliced,speakerX,generated from own recordings (make_manip.py),yes (self) - own voice,
spliced/speakerX_spliced_17.wav,spliced,speakerX,generated from own recordings (make_manip.py),yes (self) - own voice,
spliced/speakerX_spliced_18.wav,spliced,speakerX,generated from own recordings (make_manip.py),yes (self) - own voice,
spliced/speakerX_spliced_19.wav,spliced,speakerX,generated from own recordings (make_manip.py),yes (self) - own voice,
spliced/speakerX_spliced_20.wav,spliced,speakerX,generated from own recordings (make_manip.py),yes (self) - own voice,
spliced/speakerX_spliced_21.wav,spliced,speakerX,generated from own recordings (make_manip.py),yes (self) - own voice,
spliced/speakerX_spliced_22.wav,spliced,speakerX,generated from own recordings (make_manip.py),yes (self) - own voice,
spliced/speakerX_spliced_23.wav,spliced,speakerX,generated from own recordings (make_manip.py),yes (self) - own voice,
spliced/speakerX_spliced_24.wav,spliced,speakerX,generated from own recordings (make_manip.py),yes (self) - own voice,
spliced/speakerX_spliced_25.wav,spliced,speakerX,generated from own recordings (make_manip.py),yes (self) - own voice,
spliced/speakerX_spliced_26.wav,spliced,speakerX,generated from own recordings (make_manip.py),yes (self) - own voice,
spliced/speakerX_spliced_27.wav,spliced,speakerX,generated from own recordings (make_manip.py),yes (self) - own voice,
spliced/speakerX_spliced_28.wav,spliced,speakerX,generated from own recordings (make_manip.py),yes (self) - own voice,
spliced/speakerX_spliced_29.wav,spliced,speakerX,generated from own recordings (make_manip.py),yes (self) - own voice,
spliced/speakerX_spliced_30.wav,spliced,speakerX,generated from own recordings (make_manip.py),yes (self) - own voice,
