file,sheikh_id,entity,url,title,obtained,permission,notes
raw/speakerA_video1.mp3,ibn_baz,الموقع الرسمي لسماحة الشيخ عبدالعزيز بن باز (binbaz.org.sa),,,,شروط الموقع: يُسمح بالنقل مع ذكر المصدر,
raw/speakerA_video2.mp3,ibn_baz,الموقع الرسمي لسماحة الشيخ عبدالعزيز بن باز (binbaz.org.sa),,,,شروط الموقع: يُسمح بالنقل مع ذكر المصدر,
raw/speakerB_video1.wav,al_fawzan,قناة الشيخ صالح الفوزان على يوتيوب (@dralfawzann),,,,قيد الطلب,
raw/speakerB_video2.wav,al_fawzan,قناة الشيخ صالح الفوزان على يوتيوب (@dralfawzann),,,,قيد الطلب,
raw/speakerC_video1.wav,al_alsheikh,قناة الشيخ عبدالعزيز آل الشيخ على يوتيوب (@user-yf1yb7tc5t),,,,قيد الطلب,
raw/speakerC_video2.wav,al_alsheikh,قناة الشيخ عبدالعزيز آل الشيخ على يوتيوب (@user-yf1yb7tc5t),,,,قيد الطلب,
raw/mine/speakerX_real_01.m4a,other,تسجيل عضوة الفريق بصوتها,,,,موافقة ذاتية,للاختبار فقط
raw/mine/speakerX_real_02.m4a,other,تسجيل عضوة الفريق بصوتها,,,,موافقة ذاتية,للاختبار فقط
raw/mine/speakerX_real_03.m4a,other,تسجيل عضوة الفريق بصوتها,,,,موافقة ذاتية,للاختبار فقط
raw/mine/speakerX_real_04.m4a,other,تسجيل عضوة الفريق بصوتها,,,,موافقة ذاتية,للاختبار فقط
raw/mine/speakerX_real_05.m4a,other,تسجيل عضوة الفريق بصوتها,,,,موافقة ذاتية,للاختبار فقط
raw/mine/speakerX_real_06.m4a,other,تسجيل عضوة الفريق بصوتها,,,,موافقة ذاتية,للاختبار فقط
raw/mine/speakerX_real_07.m4a,other,تسجيل عضوة الفريق بصوتها,,,,موافقة ذاتية,للاختبار فقط
raw/mine/speakerX_real_08.m4a,other,تسجيل عضوة الفريق بصوتها,,,,موافقة ذاتية,للاختبار فقط
raw/mine/speakerX_real_09.m4a,other,تسجيل عضوة الفريق بصوتها,,,,موافقة ذاتية,للاختبار فقط
raw/mine/speakerX_real_10.m4a,other,تسجيل عضوة الفريق بصوتها,,,,موافقة ذاتية,للاختبار فقط
data/originals/speakerB_fatwa18501.mp3,al_fawzan,أرشيف فتاوى الشيخ صالح الفوزان (alfawzan.live)، وهو نسخة من موقعه الرسمي المغلق,https://alfawzan.live/content/18501/,فضل يوم عرفة (فتوى رقم 18501),2026-10-05,غير محدد: الأرشيف يذكر «جميع الحقوق محفوظة»,الصفحة الرسمية الأصلية (مغلقة): https://alfawzan.af.org.sa/ar/node/18501 | الملف الصوتي: https://audio.alfawzan.live/2021-09/m083.mp3
data/originals/speakerA_a3mal_tanqod_shahadatin.mp3,ibn_baz,الموقع الرسمي لسماحة الشيخ عبدالعزيز بن باز (binbaz.org.sa),,أعمال تنقض الشهادتين,2026-10-05,شروط الموقع: يُسمح بالنقل مع ذكر المصدر,اسم الملف كما حُمّل: a3mal_tanqod_shahadatin (1).mp3
data/originals/speakerA_ahadeth_eza3a_11.mp3,ibn_baz,الموقع الرسمي لسماحة الشيخ عبدالعزيز بن باز (binbaz.org.sa),,أحاديث إذاعية 11,2026-10-05,شروط الموقع: يُسمح بالنقل مع ذكر المصدر,اسم الملف كما حُمّل: ahadeth_eza3a_11.mp3
data/originals/speakerA_ahadeth_eza3a_15.mp3,ibn_baz,الموقع الرسمي لسماحة الشيخ عبدالعزيز بن باز (binbaz.org.sa),,أحاديث إذاعية 15,2026-10-05,شروط الموقع: يُسمح بالنقل مع ذكر المصدر,اسم الملف كما حُمّل: ahadeth_eza3a_15.mp3
data/originals/speakerA_sahih_bukhari_001.mp3,ibn_baz,الموقع الرسمي لسماحة الشيخ عبدالعزيز بن باز (binbaz.org.sa),,صحيح البخاري، كتاب بدء الوحي: تعليق وشرح الشيخ ابن باز (1),2026-10-04,شروط الموقع: يُسمح بالنقل مع ذكر المصدر,اسم الملف كما حُمّل: sa7e7_bokhary001.mp3 | حمّله الفريق من الموقع الرسمي؛ وسوم الملف الداخلية تذكر رابطًا آخر: https://soundcloud.com/ahmed-alali/y3ylgxkmpo0p
data/originals/speakerA_sharh_kitab_tawheed_01.mp3,ibn_baz,الموقع الرسمي لسماحة الشيخ عبدالعزيز بن باز (binbaz.org.sa),,كتاب التوحيد (1),2026-10-04,شروط الموقع: يُسمح بالنقل مع ذكر المصدر,اسم الملف كما حُمّل: shar7_ketab_tawheed01.mp3 | حمّله الفريق من الموقع الرسمي؛ وسوم الملف الداخلية تذكر رابطًا آخر: https://soundcloud.com/ahmed-alali/01-25
data/originals/speakerC_alsheikh_01.m4a,al_alsheikh,إذاعة القرآن الكريم (المملكة العربية السعودية): برنامج «توجيهات مع سماحة المفتي»,,توجيهات مع سماحة المفتي: نصائح تربوية ومواعظ وإرشادات إيمانية وفقهية,2026-10-05,تسجيل منشور علنًا من إذاعة رسمية,المتحدث سماحة المفتي وحده. الملف نُقل بين أعضاء الفريق عبر واتساب بعد تحميله من الإذاعة، والصوت مستخرج منه بدون إعادة ترميز (اسم الملف المنقول: 9221BC4C-DEB4-4E6B-B154-A7A48A7B6AD6.mov)
data/originals/speakerC_alsheikh_02.m4a,al_alsheikh,إذاعة القرآن الكريم (المملكة العربية السعودية): برنامج «توجيهات مع سماحة المفتي»,,توجيهات مع سماحة المفتي: نصائح تربوية ومواعظ وإرشادات إيمانية وفقهية,2026-10-05,تسجيل منشور علنًا من إذاعة رسمية,المتحدث سماحة المفتي وحده. الملف نُقل بين أعضاء الفريق عبر واتساب بعد تحميله من الإذاعة، والصوت مستخرج منه بدون إعادة ترميز (اسم الملف المنقول: WhatsApp Video 2026-10-05 at 10.20.15 PM.mp4)
data/originals/speakerC_alsheikh_03.m4a,al_alsheikh,إذاعة القرآن الكريم (المملكة العربية السعودية): برنامج «توجيهات مع سماحة المفتي»,,توجيهات مع سماحة المفتي: نصائح تربوية ومواعظ وإرشادات إيمانية وفقهية,2026-10-05,تسجيل منشور علنًا من إذاعة رسمية,المتحدث سماحة المفتي وحده. الملف نُقل بين أعضاء الفريق عبر واتساب بعد تحميله من الإذاعة، والصوت مستخرج منه بدون إعادة ترميز (اسم الملف المنقول: WhatsApp Video 2026-10-05 at 10.22.20 PM.mp4)
data/originals/speakerC_alsheikh_04.m4a,al_alsheikh,إذاعة القرآن الكريم (المملكة العربية السعودية): برنامج «توجيهات مع سماحة المفتي»,,توجيهات مع سماحة المفتي: نصائح تربوية ومواعظ وإرشادات إيمانية وفقهية,2026-10-05,تسجيل منشور علنًا من إذاعة رسمية,المتحدث سماحة المفتي وحده. الملف نُقل بين أعضاء الفريق عبر واتساب بعد تحميله من الإذاعة، والصوت مستخرج منه بدون إعادة ترميز (اسم الملف المنقول: WhatsApp Video 2026-10-05 at 10.24.20 PM.mp4)
data/originals/speakerC_alsheikh_05.m4a,al_alsheikh,إذاعة القرآن الكريم (المملكة العربية السعودية): برنامج «توجيهات مع سماحة المفتي»,,توجيهات مع سماحة المفتي: نصائح تربوية ومواعظ وإرشادات إيمانية وفقهية,2026-10-05,تسجيل منشور علنًا من إذاعة رسمية,المتحدث سماحة المفتي وحده. الملف نُقل بين أعضاء الفريق عبر واتساب بعد تحميله من الإذاعة، والصوت مستخرج منه بدون إعادة ترميز (اسم الملف المنقول: WhatsApp Video 2026-10-05 at 10.29.20 PM.mp4)
data/originals/speakerC_alsheikh_06.m4a,al_alsheikh,إذاعة القرآن الكريم (المملكة العربية السعودية): برنامج «توجيهات مع سماحة المفتي»,,توجيهات مع سماحة المفتي: نصائح تربوية ومواعظ وإرشادات إيمانية وفقهية,2026-10-05,تسجيل منشور علنًا من إذاعة رسمية,المتحدث سماحة المفتي وحده. الملف نُقل بين أعضاء الفريق عبر واتساب بعد تحميله من الإذاعة، والصوت مستخرج منه بدون إعادة ترميز (اسم الملف المنقول: WhatsApp Video 2026-10-05 at 10.34.44 PM.mp4)
data/originals/speakerB_alfawzan_01.m4a,al_fawzan,إذاعة القرآن الكريم (المملكة العربية السعودية): برنامج «نور على الدرب» مع معالي الشيخ الدكتور صالح بن فوزان الفوزان,,نور على الدرب,2026-10-05,تسجيل منشور علنًا من إذاعة رسمية,الملف نُقل بين أعضاء الفريق عبر واتساب بعد تحميله من الإذاعة، والصوت مستخرج منه بدون إعادة ترميز (اسم الملف المنقول: WhatsApp Video 2026-10-05 at 10.07.49 PM.mp4)
data/originals/speakerB_alfawzan_02.m4a,al_fawzan,إذاعة القرآن الكريم (المملكة العربية السعودية): برنامج «نور على الدرب» مع معالي الشيخ الدكتور صالح بن فوزان الفوزان,,نور على الدرب,2026-10-05,تسجيل منشور علنًا من إذاعة رسمية,الملف نُقل بين أعضاء الفريق عبر واتساب بعد تحميله من الإذاعة، والصوت مستخرج منه بدون إعادة ترميز (اسم الملف المنقول: WhatsApp Video 2026-10-05 at 10.07.56 PM.mp4)
data/originals/speakerB_alfawzan_03.m4a,al_fawzan,إذاعة القرآن الكريم (المملكة العربية السعودية): برنامج «نور على الدرب» مع معالي الشيخ الدكتور صالح بن فوزان الفوزان,,نور على الدرب,2026-10-05,تسجيل منشور علنًا من إذاعة رسمية,الملف نُقل بين أعضاء الفريق عبر واتساب بعد تحميله من الإذاعة، والصوت مستخرج منه بدون إعادة ترميز (اسم الملف المنقول: WhatsApp Video 2026-10-05 at 10.10.06 PM.mp4)
data/originals/speakerB_alfawzan_04.m4a,al_fawzan,إذاعة القرآن الكريم (المملكة العربية السعودية): برنامج «نور على الدرب» مع معالي الشيخ الدكتور صالح بن فوزان الفوزان,,نور على الدرب,2026-10-05,تسجيل منشور علنًا من إذاعة رسمية,الملف نُقل بين أعضاء الفريق عبر واتساب بعد تحميله من الإذاعة، والصوت مستخرج منه بدون إعادة ترميز (اسم الملف المنقول: WhatsApp Video 2026-10-05 at 10.15.18 PM.mp4)
data/originals/speakerB_alfawzan_05.m4a,al_fawzan,إذاعة القرآن الكريم (المملكة العربية السعودية): برنامج «نور على الدرب» مع معالي الشيخ الدكتور صالح بن فوزان الفوزان,,نور على الدرب,2026-10-05,تسجيل منشور علنًا من إذاعة رسمية,الملف نُقل بين أعضاء الفريق عبر واتساب بعد تحميله من الإذاعة، والصوت مستخرج منه بدون إعادة ترميز (اسم الملف المنقول: WhatsApp Video 2026-10-05 at 10.44.57 PM.mp4)
